ID,Accuracy,std,LOSS,std
0,0.7668222106360794,0.0007071020718977813,0.5021261653325854,0.002854419638569205
